userid,bookid,issue_date,return_date
2016CH70177,476637,02/16/2020,03/01/2020
2016CH70177,350921,02/16/2020,03/01/2020
2016CH70177,708981,02/15/2020,02/29/2020
2016CS10325,46440,02/15/2020,02/29/2020
2016CS10325,703782,02/20/2020,03/05/2020
2016CS10326,309985,02/26/2020,03/11/2020
2016CS10327,820986,02/24/2020,03/09/2020
2016CS10327,301160,02/15/2020,02/29/2020
2016CS10328,972578,02/25/2020,03/10/2020
2016CS10332,36502,02/22/2020,03/07/2020
2016CS10332,19530,02/17/2020,03/02/2020
2016CS10333,114865,02/17/2020,03/02/2020
2016CS10333,902350,02/16/2020,03/01/2020
2016CS10333,498113,02/18/2020,03/03/2020
2016CS10335,336741,02/20/2020,03/05/2020
2016CS10335,714377,02/26/2020,03/11/2020
2016CS10336,962912,02/18/2020,03/03/2020
2016CS10336,728399,02/22/2020,03/07/2020
2016CS10337,616173,02/17/2020,03/02/2020
2016CS10337,817164,02/18/2020,03/03/2020
2016CS10337,860543,02/25/2020,03/10/2020
2016CS10412,658098,02/20/2020,03/05/2020
2016EE10160,708450,02/22/2020,03/07/2020
2016EE10160,98618,02/24/2020,03/09/2020
2016EE10160,685509,02/23/2020,03/08/2020
2016EE10410,60807,02/17/2020,03/02/2020
2016EE10410,950951,02/19/2020,03/04/2020
2016EE10411,434618,02/20/2020,03/05/2020
2016EE10411,325721,02/22/2020,03/07/2020
2016EE10415,354388,02/19/2020,03/04/2020
2016EE10415,348802,02/24/2020,03/09/2020
2016EE10415,213778,02/23/2020,03/08/2020
2016EE10417,485934,02/23/2020,03/08/2020
2016EE10418,200242,02/19/2020,03/04/2020
2016EE10419,810936,02/26/2020,03/11/2020
2016EE10419,124550,02/21/2020,03/06/2020
2016EE10420,13191,02/22/2020,03/07/2020
2016EE10421,832703,02/20/2020,03/05/2020
2016EE10423,66860,02/18/2020,03/03/2020
2016EE10423,645861,02/16/2020,03/01/2020
2016EE10423,190961,02/16/2020,03/01/2020
2016EE10424,568312,02/23/2020,03/08/2020
2016EE10424,936546,02/19/2020,03/04/2020
2016EE10425,865996,02/25/2020,03/10/2020
2016EE10427,260939,02/20/2020,03/05/2020
2016EE10427,39546,02/15/2020,02/29/2020
2016EE10427,921344,02/21/2020,03/06/2020
2016EE10428,940943,02/18/2020,03/03/2020
2016EE10468,587497,02/26/2020,03/11/2020
2016EE10468,385408,02/23/2020,03/08/2020
2016EE10474,683064,02/26/2020,03/11/2020
2016EE10835,953867,02/17/2020,03/02/2020
2016EE10835,961642,02/20/2020,03/05/2020
2016EE10835,111201,02/22/2020,03/07/2020
2016ME10670,300398,02/21/2020,03/06/2020
2016ME10670,88403,02/23/2020,03/08/2020
2016ME10671,260848,02/15/2020,02/29/2020
2016ME10671,897079,02/23/2020,03/08/2020
2016ME10673,958138,02/20/2020,03/05/2020
2016ME10673,202756,02/15/2020,02/29/2020
2016ME10673,580267,02/25/2020,03/10/2020
2016ME10674,492992,02/24/2020,03/09/2020
2016ME10674,883967,02/19/2020,03/04/2020
2016ME10674,183399,02/23/2020,03/08/2020
2016ME10676,366514,02/22/2020,03/07/2020
2016ME10676,512710,02/21/2020,03/06/2020
2016ME10678,488530,02/15/2020,02/29/2020
2016ME10678,60948,02/20/2020,03/05/2020
2016ME10678,495769,02/24/2020,03/09/2020
2016ME10679,515225,02/17/2020,03/02/2020
2016ME10679,959516,02/24/2020,03/09/2020
2016ME10679,252801,02/23/2020,03/08/2020
2016ME10681,9395,02/25/2020,03/10/2020
2016ME10681,855551,02/21/2020,03/06/2020
2016ME10682,357747,02/15/2020,02/29/2020
2016ME10682,590351,02/20/2020,03/05/2020
2016ME10682,307920,02/21/2020,03/06/2020
2016ME10685,156006,02/21/2020,03/06/2020
2016ME10685,922701,02/22/2020,03/07/2020
2016ME10686,429701,02/25/2020,03/10/2020
2016ME10686,829776,02/25/2020,03/10/2020
2016ME10687,516903,02/16/2020,03/01/2020
2016SMZ8442,455478,02/26/2020,03/11/2020
2016SMZ8442,628813,02/26/2020,03/11/2020
2016SMZ8445,153985,02/15/2020,02/29/2020
2016SMZ8445,812129,02/26/2020,03/11/2020
2016SMZ8445,132192,02/24/2020,03/09/2020
2016TT10821,447761,02/18/2020,03/03/2020
2016TT10821,500714,02/20/2020,03/05/2020
2016TT10836,956180,02/19/2020,03/04/2020
2016TT10836,670034,02/23/2020,03/08/2020
2016TT10836,207558,02/26/2020,03/11/2020
2016TT10839,162205,02/20/2020,03/05/2020
2016TT10839,872,02/22/2020,03/07/2020
2016TT10839,143150,02/15/2020,02/29/2020
2016TT10840,3263,02/18/2020,03/03/2020
2016TT10840,361074,02/19/2020,03/04/2020
2016TT10842,851803,02/23/2020,03/08/2020
2016TT10843,677589,02/25/2020,03/10/2020
2016TT10843,414694,02/25/2020,03/10/2020
2016TT10844,211992,02/22/2020,03/07/2020
2016TT10844,925529,02/17/2020,03/02/2020
2016TT10845,407359,02/18/2020,03/03/2020
2016TT10846,880879,02/23/2020,03/08/2020
2016TT10847,922180,02/19/2020,03/04/2020
2016TT10848,436920,02/18/2020,03/03/2020
2016TT10848,325466,02/17/2020,03/02/2020
2016TT10849,119651,02/26/2020,03/11/2020
2016TT10849,681046,02/22/2020,03/07/2020
2016TT10850,817990,02/21/2020,03/06/2020
2016TT10850,116811,02/16/2020,03/01/2020
2016TT10926,648289,02/17/2020,03/02/2020
2016TT10926,465653,02/18/2020,03/03/2020
2016TT10926,690059,02/23/2020,03/08/2020
2016TT10927,909722,02/23/2020,03/08/2020
2016TT10927,330850,02/18/2020,03/03/2020
2017ANZ8419,803441,02/25/2020,03/10/2020
2017BB10039,65768,02/25/2020,03/10/2020
2017BB10039,59320,02/17/2020,03/02/2020
2017BB10039,118481,02/22/2020,03/07/2020
2017BB10041,938386,02/19/2020,03/04/2020
2017BB10041,409244,02/16/2020,03/01/2020
2017BB10042,312077,02/20/2020,03/05/2020
2017BB10042,237495,02/23/2020,03/08/2020
2017BB10042,780762,02/26/2020,03/11/2020
2017BB10043,305821,02/26/2020,03/11/2020
2017BB10043,140778,02/26/2020,03/11/2020
2017BEZ8438,819309,02/26/2020,03/11/2020
2017BEZ8438,376331,02/19/2020,03/04/2020
2017CH10186,972628,02/26/2020,03/11/2020
2017CH10186,510558,02/25/2020,03/10/2020
2017CH10187,22935,02/24/2020,03/09/2020
2017CH10187,220167,02/25/2020,03/10/2020
2017CH10187,358962,02/23/2020,03/08/2020
2017CH10189,904832,02/19/2020,03/04/2020
2017CH10194,305821,02/19/2020,03/04/2020
2017CH10194,261514,02/15/2020,02/29/2020
2017CH10198,9104,02/22/2020,03/07/2020
2017CH10198,245446,02/17/2020,03/02/2020
2017CH10198,89573,02/20/2020,03/05/2020
2017CH10199,95401,02/21/2020,03/06/2020
2017CH10199,192238,02/26/2020,03/11/2020
2017CH10200,307146,02/22/2020,03/07/2020
2017CH10201,291135,02/16/2020,03/01/2020
2017CH10201,558983,02/23/2020,03/08/2020
2017CH10202,431547,02/23/2020,03/08/2020
2017CH10202,239510,02/15/2020,02/29/2020
2017CH10202,57271,02/26/2020,03/11/2020
2017CHE2730,670757,02/23/2020,03/08/2020
2017CHE2730,235716,02/17/2020,03/02/2020
2017CHZ8512,769237,02/25/2020,03/10/2020
2017CHZ8515,340829,02/21/2020,03/06/2020
2017CHZ8515,137764,02/20/2020,03/05/2020
2017CRZ8065,576234,02/22/2020,03/07/2020
2017CS10503,229945,02/22/2020,03/07/2020
2017CSZ8058,173834,02/16/2020,03/01/2020
2017CSZ8060,313658,02/26/2020,03/11/2020
2017CSZ8060,601004,02/24/2020,03/09/2020
2017CSZ8060,776905,02/25/2020,03/10/2020
2017CSZ8584,246274,02/17/2020,03/02/2020
2017CSZ8584,770022,02/22/2020,03/07/2020
2017EE10500,852039,02/21/2020,03/06/2020
2017EE10500,347682,02/24/2020,03/09/2020
2017EE10502,279827,02/25/2020,03/10/2020
2017EE10504,792403,02/16/2020,03/01/2020
2017EE10505,231781,02/15/2020,02/29/2020
2017EE30533,823626,02/24/2020,03/09/2020
2017EE30533,275664,02/16/2020,03/01/2020
2017EE30533,330678,02/22/2020,03/07/2020
2017EE30534,365793,02/23/2020,03/08/2020
2017EE30534,678008,02/22/2020,03/07/2020
2017EE30535,675150,02/15/2020,02/29/2020
2017EE30535,196200,02/20/2020,03/05/2020
2017EE30535,685087,02/19/2020,03/04/2020
2017EE30537,963030,02/17/2020,03/02/2020
2017EE30539,783391,02/24/2020,03/09/2020
2017EE30541,930438,02/23/2020,03/08/2020
2017EE30541,837698,02/17/2020,03/02/2020
2017EEZ8555,871171,02/26/2020,03/11/2020
2017EEZ8555,133885,02/18/2020,03/03/2020
2017EEZ8559,892831,02/24/2020,03/09/2020
2017EEZ8559,320196,02/17/2020,03/02/2020
2017EEZ8565,769667,02/19/2020,03/04/2020
2017EEZ8565,806997,02/23/2020,03/08/2020
2017EEZ8566,162735,02/19/2020,03/04/2020
2017EEZ8566,232768,02/15/2020,02/29/2020
2017EEZ8566,312828,02/17/2020,03/02/2020
2017EEZ8653,32730,02/23/2020,03/08/2020
2017EEZ8653,847049,02/20/2020,03/05/2020
2017EEZ8653,313246,02/26/2020,03/11/2020
2017ITZ8003,770320,02/18/2020,03/03/2020
2017ITZ8003,174231,02/26/2020,03/11/2020
2017ITZ8004,255831,02/17/2020,03/02/2020
2017ITZ8004,303426,02/22/2020,03/07/2020
2017ME10651,961166,02/18/2020,03/03/2020
2017ME10651,257027,02/15/2020,02/29/2020
2017ME10651,714630,02/20/2020,03/05/2020
2017ME20641,965788,02/24/2020,03/09/2020
2017ME20641,328163,02/22/2020,03/07/2020
2017ME20642,240741,02/15/2020,02/29/2020
2017ME20642,386364,02/21/2020,03/06/2020
2017ME20642,92867,02/21/2020,03/06/2020
2017ME20643,447446,02/24/2020,03/09/2020
2017ME20643,618901,02/16/2020,03/01/2020
2017ME20643,272730,02/18/2020,03/03/2020
2017ME20644,16453,02/26/2020,03/11/2020
2017ME20644,546091,02/23/2020,03/08/2020
2017ME20645,13031,02/18/2020,03/03/2020
2017ME20645,72435,02/26/2020,03/11/2020
2017ME20646,948088,02/17/2020,03/02/2020
2017ME20646,104297,02/22/2020,03/07/2020
2017ME20648,408671,02/16/2020,03/01/2020
2017ME20648,291383,02/22/2020,03/07/2020
2017ME20648,638745,02/17/2020,03/02/2020
2017ME20649,277637,02/23/2020,03/08/2020
2017ME20649,751381,02/24/2020,03/09/2020
2017ME20649,424562,02/24/2020,03/09/2020
2017ME20650,908558,02/22/2020,03/07/2020
2017ME20650,240905,02/17/2020,03/02/2020
2017ME20652,277708,02/25/2020,03/10/2020
2017ME20652,167251,02/26/2020,03/11/2020
2017ME20653,316970,02/15/2020,02/29/2020
2017ME20653,365987,02/25/2020,03/10/2020
2017ME20653,864639,02/26/2020,03/11/2020
2017ME20655,124517,02/24/2020,03/09/2020
2017ME20655,320344,02/15/2020,02/29/2020
2017ME20656,869837,02/18/2020,03/03/2020
2017ME20656,460017,02/16/2020,03/01/2020
2017ME20657,196633,02/21/2020,03/06/2020
2017ME20657,754689,02/17/2020,03/02/2020
2017ME20658,731795,02/15/2020,02/29/2020
2017ME20660,825045,02/22/2020,03/07/2020
2017ME20660,968730,02/21/2020,03/06/2020
2017ME20663,590611,02/17/2020,03/02/2020
2017ME20663,92867,02/16/2020,03/01/2020
2017ME20663,88189,02/24/2020,03/09/2020
2017ME20683,874230,02/20/2020,03/05/2020
2017MEZ8314,187668,02/24/2020,03/09/2020
2017MEZ8314,184139,02/21/2020,03/06/2020
2017MEZ8314,875078,02/16/2020,03/01/2020
2017MEZ8315,165814,02/25/2020,03/10/2020
2017MEZ8316,874999,02/26/2020,03/11/2020
2017MEZ8316,304173,02/20/2020,03/05/2020
2017MEZ8316,734924,02/23/2020,03/08/2020
2017MEZ8317,464934,02/25/2020,03/10/2020
2017MEZ8317,967491,02/18/2020,03/03/2020
2017MEZ8319,914284,02/16/2020,03/01/2020
2017MEZ8319,789718,02/26/2020,03/11/2020
2017MEZ8319,739819,02/15/2020,02/29/2020
2017MEZ8327,89674,02/19/2020,03/04/2020
2017MEZ8327,98601,02/19/2020,03/04/2020
2017MEZ8327,972419,02/23/2020,03/08/2020
2017MEZ8333,720982,02/18/2020,03/03/2020
2017MEZ8336,841747,02/26/2020,03/11/2020
2017MEZ8336,531493,02/23/2020,03/08/2020
2017MT60499,798820,02/17/2020,03/02/2020
2017PH10850,575730,02/23/2020,03/08/2020
2017PHZ8617,756650,02/18/2020,03/03/2020
2017PHZ8617,309150,02/25/2020,03/10/2020
2017PHZ8617,229714,02/18/2020,03/03/2020
2017PHZ8618,268404,02/20/2020,03/05/2020
2017PHZ8618,903060,02/21/2020,03/06/2020
2017PHZ8625,249029,02/19/2020,03/04/2020
2017PHZ8625,171040,02/20/2020,03/05/2020
2017PHZ8625,730332,02/25/2020,03/10/2020
2017PHZ8628,590241,02/24/2020,03/09/2020
2017TRZ8636,315980,02/21/2020,03/06/2020
2017TT10871,923521,02/18/2020,03/03/2020
2017TT10873,487287,02/21/2020,03/06/2020
2017TT10875,863114,02/20/2020,03/05/2020
2017TT10875,167749,02/20/2020,03/05/2020
2017TT10876,949093,02/20/2020,03/05/2020
2017TT10877,790115,02/22/2020,03/07/2020
2017TT10877,808598,02/17/2020,03/02/2020
2017TT10878,324615,02/15/2020,02/29/2020
2017TT10878,695167,02/18/2020,03/03/2020
2017TT10879,514124,02/23/2020,03/08/2020
2017TT10879,611382,02/23/2020,03/08/2020
2017TT10879,244569,02/25/2020,03/10/2020
2017TT10880,262985,02/25/2020,03/10/2020
2017TT10881,696419,02/24/2020,03/09/2020
2017TT10881,952209,02/22/2020,03/07/2020
2017TT10882,780378,02/24/2020,03/09/2020
2017TT10882,506016,02/19/2020,03/04/2020
2017TT10883,833959,02/23/2020,03/08/2020
2017TT10883,672928,02/25/2020,03/10/2020
2017TT10884,281138,02/19/2020,03/04/2020
2017TT10885,544380,02/25/2020,03/10/2020
2017TT10885,579265,02/16/2020,03/01/2020
2018AMA2748,779466,02/26/2020,03/11/2020
2018AMA2748,460854,02/26/2020,03/11/2020
2018AMA2749,361199,02/17/2020,03/02/2020
2018AMA2749,316019,02/22/2020,03/07/2020
2018AMA2749,691502,02/23/2020,03/08/2020
2018AMA2751,605092,02/26/2020,03/11/2020
2018AMA2751,861469,02/26/2020,03/11/2020
2018AMA2751,226792,02/23/2020,03/08/2020
2018AMA2873,552510,02/16/2020,03/01/2020
2018AMA2873,666197,02/19/2020,03/04/2020
2018AMA2873,566004,02/20/2020,03/05/2020
2018AMA2879,713747,02/24/2020,03/09/2020
2018AMA2879,92026,02/24/2020,03/09/2020
2018BEZ8438,772910,02/20/2020,03/05/2020
2018BEZ8438,237377,02/21/2020,03/06/2020
2018CE10071,412261,02/20/2020,03/05/2020
2018CE10085,597163,02/17/2020,03/02/2020
2018CE10085,18362,02/16/2020,03/01/2020
2018CE10085,51366,02/26/2020,03/11/2020
2018CE10102,149680,02/19/2020,03/04/2020
2018CE10102,59626,02/25/2020,03/10/2020
2018CE10128,163425,02/22/2020,03/07/2020
2018CE10128,49520,02/23/2020,03/08/2020
2018CE10135,183446,02/20/2020,03/05/2020
2018CE10135,274287,02/24/2020,03/09/2020
2018CE10135,883890,02/24/2020,03/09/2020
2018CE10153,898922,02/21/2020,03/06/2020
2018CE10166,624012,02/24/2020,03/09/2020
2018CE10166,683468,02/25/2020,03/10/2020
2018CE10169,951509,02/21/2020,03/06/2020
2018CE10169,614565,02/23/2020,03/08/2020
2018CE10176,541504,02/19/2020,03/04/2020
2018CE10176,855301,02/25/2020,03/10/2020
2018CE10176,531428,02/20/2020,03/05/2020
2018CEC2686,803810,02/23/2020,03/08/2020
2018CEC2686,79975,02/21/2020,03/06/2020
2018CEC2686,839314,02/21/2020,03/06/2020
2018CEC2690,887608,02/16/2020,03/01/2020
2018CEC2690,221738,02/18/2020,03/03/2020
2018CEC2690,414021,02/20/2020,03/05/2020
2018CET2651,478499,02/18/2020,03/03/2020
2018CET2651,336080,02/20/2020,03/05/2020
2018CET2653,140888,02/15/2020,02/29/2020
2018CET2653,496545,02/21/2020,03/06/2020
2018CET2653,1467,02/20/2020,03/05/2020
2018CEU2210,590119,02/15/2020,02/29/2020
2018CEU2210,237454,02/22/2020,03/07/2020
2018CEU2210,822317,02/25/2020,03/10/2020
2018CEU2211,408501,02/20/2020,03/05/2020
2018CEU2660,659377,02/20/2020,03/05/2020
2018CEU2660,899776,02/19/2020,03/04/2020
2018CEU2660,212092,02/25/2020,03/10/2020
2018CEU2664,427873,02/17/2020,03/02/2020
2018CEU2664,912246,02/22/2020,03/07/2020
2018CEU2664,121308,02/19/2020,03/04/2020
2018CEV2138,283249,02/22/2020,03/07/2020
2018CEV2219,163540,02/21/2020,03/06/2020
2018CEV2223,354047,02/24/2020,03/09/2020
2018CEV2223,719927,02/26/2020,03/11/2020
2018CEV2228,554024,02/21/2020,03/06/2020
2018CEV2228,374365,02/26/2020,03/11/2020
2018CEV2228,881229,02/18/2020,03/03/2020
2018CEV2232,553499,02/25/2020,03/10/2020
2018CEV2232,433980,02/21/2020,03/06/2020
2018CEV2667,202940,02/19/2020,03/04/2020
2018CEV2667,840844,02/23/2020,03/08/2020
2018CEV2668,781818,02/24/2020,03/09/2020
2018CEV2668,688083,02/26/2020,03/11/2020
2018CEW2233,84682,02/15/2020,02/29/2020
2018CEW2237,812807,02/25/2020,03/10/2020
2018CEW2237,905600,02/16/2020,03/01/2020
2018CEW2238,489925,02/15/2020,02/29/2020
2018CEW2238,681308,02/19/2020,03/04/2020
2018CEW2238,312771,02/19/2020,03/04/2020
2018CEW2669,867276,02/23/2020,03/08/2020
2018CEW2671,389702,02/17/2020,03/02/2020
2018CEW2674,718349,02/26/2020,03/11/2020
2018CEW2674,583523,02/25/2020,03/10/2020
2018CEW2676,231283,02/24/2020,03/09/2020
2018CEW2677,663379,02/26/2020,03/11/2020
2018CRZ8655,398838,02/19/2020,03/04/2020
2018CS10321,853472,02/21/2020,03/06/2020
2018CS10321,734208,02/19/2020,03/04/2020
2018CS10321,33390,02/16/2020,03/01/2020
2018CS10326,243892,02/19/2020,03/04/2020
2018CS10331,526802,02/16/2020,03/01/2020
2018CS10331,380846,02/19/2020,03/04/2020
2018CS10344,294337,02/17/2020,03/02/2020
2018CS10344,867504,02/26/2020,03/11/2020
2018CS10349,683939,02/16/2020,03/01/2020
2018CS10349,640108,02/26/2020,03/11/2020
2018CS10349,153065,02/25/2020,03/10/2020
2018CS10356,965400,02/24/2020,03/09/2020
2018CS10356,122221,02/21/2020,03/06/2020
2018CS10356,624313,02/25/2020,03/10/2020
2018CS10364,540811,02/24/2020,03/09/2020
2018CS10370,68929,02/18/2020,03/03/2020
2018CS10370,10590,02/21/2020,03/06/2020
2018CS10370,304546,02/15/2020,02/29/2020
2018CS10376,883651,02/24/2020,03/09/2020
2018CS10382,283921,02/18/2020,03/03/2020
2018CS10382,808870,02/23/2020,03/08/2020
2018CS10382,162849,02/18/2020,03/03/2020
2018CS10387,388482,02/19/2020,03/04/2020
2018CS10387,373685,02/16/2020,03/01/2020
2018CS10387,630231,02/21/2020,03/06/2020
2018CS10392,291111,02/23/2020,03/08/2020
2018CS10393,801038,02/20/2020,03/05/2020
2018CS10416,463834,02/26/2020,03/11/2020
2018CS10416,294755,02/20/2020,03/05/2020
2018CS50402,652336,02/20/2020,03/05/2020
2018CS50404,203784,02/22/2020,03/07/2020
2018CS50406,150746,02/25/2020,03/10/2020
2018CS50411,455462,02/22/2020,03/07/2020
2018CS50418,308293,02/20/2020,03/05/2020
2018CS50418,888008,02/15/2020,02/29/2020
2018CSZ8013,20101,02/22/2020,03/07/2020
2018CSZ8013,227957,02/25/2020,03/10/2020
2018EE10078,371768,02/21/2020,03/06/2020
2018EE10078,367236,02/22/2020,03/07/2020
2018ESZ8056,581334,02/22/2020,03/07/2020
2018ESZ8056,934373,02/24/2020,03/09/2020
2018ITZ8549,244940,02/24/2020,03/09/2020
2018JOP2871,56609,02/23/2020,03/08/2020
2018JOP2871,744924,02/23/2020,03/08/2020
2018JOP2871,151829,02/24/2020,03/09/2020
2018MAZ8443,398112,02/20/2020,03/05/2020
2018MAZ8443,271586,02/24/2020,03/09/2020
2018MAZ8446,969891,02/20/2020,03/05/2020
2018MAZ8451,198165,02/23/2020,03/08/2020
2018MAZ8451,821599,02/16/2020,03/01/2020
2018MAZ8451,894580,02/19/2020,03/04/2020
2018ME10161,722590,02/19/2020,03/04/2020
2018ME10161,724284,02/20/2020,03/05/2020
2018ME20663,578090,02/19/2020,03/04/2020
2018ME20663,795658,02/15/2020,02/29/2020
2018ME20673,411360,02/19/2020,03/04/2020
2018ME20692,964641,02/16/2020,03/01/2020
2018ME20692,254450,02/22/2020,03/07/2020
2018ME20695,641207,02/17/2020,03/02/2020
2018ME20704,228613,02/18/2020,03/03/2020
2018ME20704,883535,02/16/2020,03/01/2020
2018ME20704,330466,02/21/2020,03/06/2020
2018ME20717,611944,02/26/2020,03/11/2020
2018ME20717,394577,02/18/2020,03/03/2020
2018ME20717,704754,02/26/2020,03/11/2020
2018MEE2809,861329,02/26/2020,03/11/2020
2018MEE2809,433484,02/18/2020,03/03/2020
2018MEE2811,857778,02/20/2020,03/05/2020
2018MEE2812,101155,02/26/2020,03/11/2020
2018MEE2812,102034,02/15/2020,02/29/2020
2018MEE2813,247562,02/15/2020,02/29/2020
2018MEE2816,22429,02/26/2020,03/11/2020
2018MEP2780,917902,02/16/2020,03/01/2020
2018MEP2780,777809,02/17/2020,03/02/2020
2018MEP2782,912738,02/20/2020,03/05/2020
2018MEP2782,356499,02/17/2020,03/02/2020
2018MEP2782,413765,02/24/2020,03/09/2020
2018MEP2784,790623,02/23/2020,03/08/2020
2018MEP2784,896443,02/25/2020,03/10/2020
2018MEP2790,269269,02/26/2020,03/11/2020
2018MET2804,210429,02/25/2020,03/10/2020
2018MEY7543,296305,02/22/2020,03/07/2020
2018MEY7543,183979,02/15/2020,02/29/2020
2018MEZ8261,902142,02/17/2020,03/02/2020
2018MEZ8271,926299,02/20/2020,03/05/2020
2018MEZ8580,787988,02/15/2020,02/29/2020
2018MEZ8582,287019,02/24/2020,03/09/2020
2018MEZ8582,743266,02/19/2020,03/04/2020
2018MEZ8582,193258,02/22/2020,03/07/2020
2018MEZ8585,115897,02/21/2020,03/06/2020
2018MEZ8585,452137,02/15/2020,02/29/2020
2018MEZ8585,775341,02/24/2020,03/09/2020
2018MEZ8588,710750,02/16/2020,03/01/2020
2018MEZ8589,294290,02/17/2020,03/02/2020
2018MEZ8589,50850,02/17/2020,03/02/2020
2018MEZ8589,938549,02/20/2020,03/05/2020
2018MEZ8591,228047,02/20/2020,03/05/2020
2018MEZ8594,159225,02/24/2020,03/09/2020
2018MEZ8594,630631,02/17/2020,03/02/2020
2018MEZ8594,937284,02/15/2020,02/29/2020
2018MEZ8596,291716,02/21/2020,03/06/2020
2018MEZ8596,133749,02/17/2020,03/02/2020
2018MEZ8597,468860,02/19/2020,03/04/2020
2018MEZ8597,532375,02/26/2020,03/11/2020
2018MEZ8597,934803,02/26/2020,03/11/2020
2018MEZ8599,375712,02/19/2020,03/04/2020
2018MEZ8599,355323,02/22/2020,03/07/2020
2018MT10737,268625,02/18/2020,03/03/2020
2018MT10737,49212,02/22/2020,03/07/2020
2018MT10737,232117,02/25/2020,03/10/2020
2018MT10743,604956,02/19/2020,03/04/2020
2018MT10743,712776,02/17/2020,03/02/2020
2018MT10746,539371,02/15/2020,02/29/2020
2018MT10746,761244,02/21/2020,03/06/2020
2018MT10746,576234,02/25/2020,03/10/2020
2018MT10751,703069,02/15/2020,02/29/2020
2018MT10751,780064,02/15/2020,02/29/2020
2018MT10756,300891,02/25/2020,03/10/2020
2018MT10759,771760,02/19/2020,03/04/2020
2018MT10759,555071,02/22/2020,03/07/2020
2018MT60778,169723,02/15/2020,02/29/2020
2018MT60785,966045,02/18/2020,03/03/2020
2018MT60785,15783,02/24/2020,03/09/2020
2018PHA2345,740658,02/18/2020,03/03/2020
2018PHA2347,692595,02/22/2020,03/07/2020
2018PHA2347,452021,02/19/2020,03/04/2020
2018PHA2347,416874,02/25/2020,03/10/2020
2018PHA2350,299291,02/17/2020,03/02/2020
2018PHA2350,467589,02/19/2020,03/04/2020
2018PHA2360,43870,02/20/2020,03/05/2020
2018PHA2362,600726,02/21/2020,03/06/2020
2018PHA2365,756764,02/16/2020,03/01/2020
2018PHA2365,545123,02/20/2020,03/05/2020
2018PHA2365,69872,02/26/2020,03/11/2020
2018PHZ2357,821400,02/19/2020,03/04/2020
2018PHZ2357,920741,02/22/2020,03/07/2020
2018PHZ2357,406838,02/15/2020,02/29/2020
2018PHZ8410,883001,02/26/2020,03/11/2020
2018PHZ8410,871248,02/19/2020,03/04/2020
2018PHZ8410,723622,02/26/2020,03/11/2020
2018PHZ8411,634844,02/23/2020,03/08/2020
2018PHZ8411,572921,02/24/2020,03/09/2020
2018PHZ8411,633056,02/16/2020,03/01/2020
2018PHZ8412,753146,02/26/2020,03/11/2020
2018PHZ8412,72018,02/19/2020,03/04/2020
2018PHZ8414,88180,02/18/2020,03/03/2020
2018PHZ8414,871182,02/19/2020,03/04/2020
2018PHZ8415,582632,02/17/2020,03/02/2020
2018PHZ8415,574274,02/15/2020,02/29/2020
2018PHZ8417,71927,02/26/2020,03/11/2020
2018PHZ8417,294909,02/17/2020,03/02/2020
2018PHZ8419,544452,02/24/2020,03/09/2020
2018PHZ8421,656291,02/19/2020,03/04/2020
2018PHZ8427,776083,02/26/2020,03/11/2020
2018PHZ8427,441006,02/23/2020,03/08/2020
2018PHZ8427,659870,02/16/2020,03/01/2020
2018PHZ8428,103279,02/25/2020,03/10/2020
2018PHZ8429,424736,02/16/2020,03/01/2020
2018PHZ8431,742162,02/23/2020,03/08/2020
2018PHZ8431,637778,02/16/2020,03/01/2020
2018PHZ8431,769760,02/18/2020,03/03/2020
2018PHZ8433,111991,02/21/2020,03/06/2020
2018PHZ8433,750948,02/16/2020,03/01/2020
2018PHZ8435,425110,02/22/2020,03/07/2020
2018PHZ8435,428958,02/22/2020,03/07/2020
2018QIZ8618,667302,02/26/2020,03/11/2020
2018RDZ8637,931381,02/26/2020,03/11/2020
2018RDZ8637,829396,02/20/2020,03/05/2020
2018RDZ8637,872689,02/20/2020,03/05/2020
2018RDZ8638,949566,02/26/2020,03/11/2020
2018RDZ8638,5335,02/23/2020,03/08/2020
2018RDZ8638,855730,02/22/2020,03/07/2020
2018RDZ8640,302332,02/25/2020,03/10/2020
2018SMF6614,518720,02/23/2020,03/08/2020
2018SMF6616,654243,02/22/2020,03/07/2020
2018SMF6618,939287,02/23/2020,03/08/2020
2018SMF6618,463423,02/20/2020,03/05/2020
2018SMF6618,844005,02/23/2020,03/08/2020
2018SMF6620,431327,02/21/2020,03/06/2020
2018SMF6621,658712,02/20/2020,03/05/2020
2018SMF6621,111327,02/15/2020,02/29/2020
2018SMF6621,633331,02/26/2020,03/11/2020
2018SMF6622,869701,02/26/2020,03/11/2020
2018SMF6623,913045,02/16/2020,03/01/2020
2018SMZ8531,621573,02/22/2020,03/07/2020
2018SMZ8531,692096,02/17/2020,03/02/2020
2018SMZ8541,151940,02/19/2020,03/04/2020
2018SMZ8541,165455,02/15/2020,02/29/2020
2018SMZ8542,558475,02/16/2020,03/01/2020
2018TT10868,39,02/23/2020,03/08/2020
2018TT10868,96472,02/22/2020,03/07/2020
2018TT10876,720782,02/23/2020,03/08/2020
2018TT10884,855640,02/16/2020,03/01/2020
2018TT10884,817965,02/23/2020,03/08/2020
2018TT10884,189676,02/26/2020,03/11/2020
2018TT10904,381129,02/26/2020,03/11/2020
2018TT10913,911547,02/17/2020,03/02/2020
2018TT10913,26386,02/26/2020,03/11/2020
2018TT10913,798671,02/20/2020,03/05/2020
2018TT10923,621194,02/18/2020,03/03/2020
2018TT10931,553434,02/26/2020,03/11/2020
2018TT10931,446452,02/18/2020,03/03/2020
2018TT10951,77395,02/24/2020,03/09/2020
2018TTZ8461,714909,02/19/2020,03/04/2020
2018TTZ8461,911495,02/18/2020,03/03/2020
2019AMX5501,459156,02/25/2020,03/10/2020
2019AMX5502,426300,02/18/2020,03/03/2020
2019AMX5502,212620,02/15/2020,02/29/2020
2019AMX5502,968389,02/23/2020,03/08/2020
2019AMX5503,940595,02/19/2020,03/04/2020
2019AMX5504,564688,02/23/2020,03/08/2020
2019AMX5504,121958,02/22/2020,03/07/2020
2019AMX5504,164535,02/21/2020,03/06/2020
2019AMX5505,830030,02/25/2020,03/10/2020
2019AMX5506,454361,02/16/2020,03/01/2020
2019AMX5507,341494,02/20/2020,03/05/2020
2019AMX5507,325040,02/23/2020,03/08/2020
2019AMX5507,307467,02/26/2020,03/11/2020
2019AMX5508,591189,02/26/2020,03/11/2020
2019AMX5508,266174,02/22/2020,03/07/2020
2019AMX5509,691375,02/26/2020,03/11/2020
2019AMX5511,328863,02/19/2020,03/04/2020
2019AMX5513,565627,02/22/2020,03/07/2020
2019AMX5513,581516,02/15/2020,02/29/2020
2019AMX5513,420097,02/17/2020,03/02/2020
2019AMX5514,67811,02/17/2020,03/02/2020
2019AMX5516,269560,02/19/2020,03/04/2020
2019AMX5516,791223,02/23/2020,03/08/2020
2019AMX5517,26951,02/24/2020,03/09/2020
2019AMX5517,875421,02/23/2020,03/08/2020
2019AMX5519,827916,02/22/2020,03/07/2020
2019AMX5519,927941,02/23/2020,03/08/2020
2019AMX5519,28390,02/17/2020,03/02/2020
2019BB10001,192452,02/16/2020,03/01/2020
2019BB10006,516500,02/19/2020,03/04/2020
2019BB10006,832787,02/20/2020,03/05/2020
2019BB10018,205293,02/25/2020,03/10/2020
2019BB10055,956231,02/20/2020,03/05/2020
2019BB10055,447406,02/19/2020,03/04/2020
2019BB10061,70883,02/20/2020,03/05/2020
2019BB10064,797176,02/17/2020,03/02/2020
2019BB10064,239069,02/18/2020,03/03/2020
2019BB11068,177825,02/25/2020,03/10/2020
2019BEY7511,695084,02/25/2020,03/10/2020
2019BEY7511,335486,02/19/2020,03/04/2020
2019BEY7511,560363,02/20/2020,03/05/2020
2019BLZ8324,581271,02/22/2020,03/07/2020
2019BLZ8324,287675,02/24/2020,03/09/2020
2019BLZ8325,399053,02/21/2020,03/06/2020
2019BLZ8325,201488,02/16/2020,03/01/2020
2019BLZ8326,514294,02/26/2020,03/11/2020
2019BLZ8326,433313,02/22/2020,03/07/2020
2019BLZ8326,33683,02/20/2020,03/05/2020
2019CH10068,158811,02/19/2020,03/04/2020
2019CH10068,955557,02/24/2020,03/09/2020
2019CH10068,137598,02/21/2020,03/06/2020
2019CH10072,746132,02/17/2020,03/02/2020
2019CH10072,625492,02/26/2020,03/11/2020
2019CH10081,963572,02/16/2020,03/01/2020
2019CH10081,593442,02/24/2020,03/09/2020
2019CH10081,528777,02/23/2020,03/08/2020
2019CH10087,238949,02/25/2020,03/10/2020
2019CH10094,965128,02/18/2020,03/03/2020
2019CH10094,77262,02/16/2020,03/01/2020
2019CH10102,176108,02/23/2020,03/08/2020
2019CH10102,177083,02/18/2020,03/03/2020
2019CH10102,153490,02/23/2020,03/08/2020
2019CH10124,691381,02/15/2020,02/29/2020
2019CH10135,478633,02/23/2020,03/08/2020
2019CH10135,118546,02/25/2020,03/10/2020
2019CH10140,888760,02/16/2020,03/01/2020
2019CH10144,857607,02/16/2020,03/01/2020
2019CH10144,957686,02/26/2020,03/11/2020
2019CHZ8152,868260,02/25/2020,03/10/2020
2019CHZ8152,581554,02/21/2020,03/06/2020
2019CHZ8169,409142,02/24/2020,03/09/2020
2019CHZ8169,155042,02/17/2020,03/02/2020
2019CHZ8169,926560,02/23/2020,03/08/2020
2019CS10348,276398,02/20/2020,03/05/2020
2019CS10355,551657,02/20/2020,03/05/2020
2019CS10355,416185,02/17/2020,03/02/2020
2019CS10355,152036,02/19/2020,03/04/2020
2019CS10367,347618,02/21/2020,03/06/2020
2019CS10367,829427,02/21/2020,03/06/2020
2019CS10367,114186,02/20/2020,03/05/2020
2019CS10372,417657,02/17/2020,03/02/2020
2019CS10376,925207,02/23/2020,03/08/2020
2019CS10376,690671,02/23/2020,03/08/2020
2019CS10376,516299,02/25/2020,03/10/2020
2019CS10393,232353,02/21/2020,03/06/2020
2019CS10412,207411,02/21/2020,03/06/2020
2019CS10412,493363,02/25/2020,03/10/2020
2019CS10413,385284,02/16/2020,03/01/2020
2019CS10413,962962,02/26/2020,03/11/2020
2019CS10413,711609,02/17/2020,03/02/2020
2019CYS7002,575431,02/26/2020,03/11/2020
2019CYS7002,825840,02/21/2020,03/06/2020
2019CYS7002,306163,02/20/2020,03/05/2020
2019CYS7011,631022,02/19/2020,03/04/2020
2019CYS7014,905429,02/15/2020,02/29/2020
2019CYS7014,647466,02/20/2020,03/05/2020
2019CYS7014,838175,02/17/2020,03/02/2020
2019CYS7027,535654,02/19/2020,03/04/2020
2019CYS7043,903568,02/20/2020,03/05/2020
2019CYS7043,243986,02/25/2020,03/10/2020
2019CYS7048,155751,02/22/2020,03/07/2020
2019CYS7048,658450,02/19/2020,03/04/2020
2019CYS7048,104875,02/25/2020,03/10/2020
2019CYS7049,445918,02/16/2020,03/01/2020
2019EEY7558,850798,02/25/2020,03/10/2020
2019EEZ7559,696295,02/25/2020,03/10/2020
2019EEZ7559,862894,02/26/2020,03/11/2020
2019MAZ8077,614077,02/26/2020,03/11/2020
2019MAZ8077,819293,02/22/2020,03/07/2020
2019MAZ8077,426012,02/22/2020,03/07/2020
2019MAZ8078,767617,02/21/2020,03/06/2020
2019MAZ8080,603601,02/26/2020,03/11/2020
2019MAZ8080,867703,02/25/2020,03/10/2020
2019MAZ8080,130282,02/23/2020,03/08/2020
2019MAZ8081,278784,02/17/2020,03/02/2020
2019MAZ8086,596971,02/18/2020,03/03/2020
2019MAZ8086,116009,02/17/2020,03/02/2020
2019ME10780,712458,02/22/2020,03/07/2020
2019ME10780,132395,02/22/2020,03/07/2020
2019ME10780,306036,02/20/2020,03/05/2020
2019ME10808,193860,02/26/2020,03/11/2020
2019ME10808,3713,02/16/2020,03/01/2020
2019ME10808,244787,02/24/2020,03/09/2020
2019ME10813,496526,02/16/2020,03/01/2020
2019ME10813,192355,02/19/2020,03/04/2020
2019ME10813,747169,02/17/2020,03/02/2020
2019ME10822,669310,02/25/2020,03/10/2020
2019ME10822,884160,02/17/2020,03/02/2020
2019ME10823,205774,02/16/2020,03/01/2020
2019ME10823,392221,02/20/2020,03/05/2020
2019ME10823,251634,02/20/2020,03/05/2020
2019ME10835,338995,02/22/2020,03/07/2020
2019ME10835,608488,02/16/2020,03/01/2020
2019ME10835,971271,02/19/2020,03/04/2020
2019ME10848,552206,02/16/2020,03/01/2020
2019ME10848,437856,02/26/2020,03/11/2020
2019ME10853,748668,02/19/2020,03/04/2020
2019ME10853,747806,02/15/2020,02/29/2020
2019MT10668,871016,02/16/2020,03/01/2020
2019MT10678,774952,02/19/2020,03/04/2020
2019MT10685,76800,02/19/2020,03/04/2020
2019MT10685,535,02/16/2020,03/01/2020
2019MT10702,598965,02/16/2020,03/01/2020
2019MT10702,823775,02/19/2020,03/04/2020
2019MT10710,805279,02/26/2020,03/11/2020
2019MT10710,888541,02/17/2020,03/02/2020
2019MT10710,321137,02/16/2020,03/01/2020
2019MT10713,610573,02/23/2020,03/08/2020
2019MT10713,620989,02/25/2020,03/10/2020
2019MT10713,750763,02/25/2020,03/10/2020
2019MT10717,119911,02/22/2020,03/07/2020
2019MT10721,297243,02/26/2020,03/11/2020
2019MT10721,662291,02/18/2020,03/03/2020
2019MT10721,179941,02/18/2020,03/03/2020
2019MT10725,454962,02/22/2020,03/07/2020
2019MT10725,593699,02/21/2020,03/06/2020
2019MT10725,206626,02/25/2020,03/10/2020
2019MT10733,430050,02/17/2020,03/02/2020
2019PH10609,877636,02/15/2020,02/29/2020
2019PH10609,875775,02/18/2020,03/03/2020
2019PH10620,562682,02/18/2020,03/03/2020
2019PH10620,649787,02/21/2020,03/06/2020
2019PH10620,903157,02/26/2020,03/11/2020
2019PH10633,79148,02/16/2020,03/01/2020
2019PH10633,901689,02/21/2020,03/06/2020
2019PH10633,418472,02/23/2020,03/08/2020
2019PH10637,807132,02/26/2020,03/11/2020
2019PH10637,894176,02/22/2020,03/07/2020
2019PH10642,307591,02/25/2020,03/10/2020
2019PH10648,892933,02/24/2020,03/09/2020
2019PH10648,478001,02/16/2020,03/01/2020
2019PH10659,639471,02/16/2020,03/01/2020
2019PH10659,480566,02/25/2020,03/10/2020
2019PH10659,494841,02/22/2020,03/07/2020
2019PHZ8017,324926,02/18/2020,03/03/2020
2019PHZ8018,601004,02/18/2020,03/03/2020
2019PHZ8018,703340,02/16/2020,03/01/2020
2019PHZ8018,457415,02/26/2020,03/11/2020
2019PHZ8022,67479,02/18/2020,03/03/2020
2019PHZ8022,160395,02/23/2020,03/08/2020
2019PHZ8022,160792,02/17/2020,03/02/2020
2019PHZ8028,490529,02/22/2020,03/07/2020
2019PHZ8028,850700,02/18/2020,03/03/2020
2019PHZ8029,249533,02/21/2020,03/06/2020
2019PHZ8029,204145,02/16/2020,03/01/2020
2019PHZ8029,823370,02/19/2020,03/04/2020
2019PHZ8042,504035,02/22/2020,03/07/2020
2019PHZ8042,821186,02/20/2020,03/05/2020
2019PHZ8042,226122,02/20/2020,03/05/2020
2019TT10945,313719,02/25/2020,03/10/2020
2019TT10945,84289,02/15/2020,02/29/2020
2019TT10945,747753,02/22/2020,03/07/2020
2019TT10958,30422,02/17/2020,03/02/2020
2019TT10990,951013,02/16/2020,03/01/2020
2019TT10990,203662,02/26/2020,03/11/2020
2019TT10990,731533,02/26/2020,03/11/2020
2019TT10999,946136,02/25/2020,03/10/2020
2019TT10999,354740,02/15/2020,02/29/2020
2019TT10999,823526,02/24/2020,03/09/2020
2019TT11008,665564,02/21/2020,03/06/2020
2019TT11008,434482,02/26/2020,03/11/2020
2019TT11019,234615,02/21/2020,03/06/2020
2019TT11019,452557,02/22/2020,03/07/2020
2019TT11019,506388,02/25/2020,03/10/2020
2019TT11034,433936,02/19/2020,03/04/2020
2019TT11034,241485,02/26/2020,03/11/2020
2019TT11034,214595,02/18/2020,03/03/2020
2019TT11050,292982,02/16/2020,03/01/2020
2019TT11050,355295,02/15/2020,02/29/2020
2019TT11059,4262,02/15/2020,02/29/2020
2019TT11059,498766,02/20/2020,03/05/2020
2019TT11059,810756,02/21/2020,03/06/2020
2019TT11091,82240,02/24/2020,03/09/2020
2014ASZ8358,538960,02/25/2020,03/10/2020
2014BLZ8268,441083,02/26/2020,03/11/2020
2014BLZ8272,144847,02/17/2020,03/02/2020
2014CHZ8279,324712,02/26/2020,03/11/2020
2014CHZ8279,505433,02/21/2020,03/06/2020
2014CHZ8279,313719,02/24/2020,03/09/2020
2014CHZ8280,778832,02/23/2020,03/08/2020
2014CHZ8287,362480,02/17/2020,03/02/2020
2014CHZ8287,165782,02/26/2020,03/11/2020
2014CHZ8287,455007,02/20/2020,03/05/2020
2014CSZ8417,565008,02/17/2020,03/02/2020
2014SMZ8410,96376,02/26/2020,03/11/2020
2015ANZ8482,264487,02/26/2020,03/11/2020
2015BEZ8353,225536,02/21/2020,03/06/2020
2015BEZ8501,881449,02/19/2020,03/04/2020
2015BEZ8501,890242,02/25/2020,03/10/2020
2015BLZ8230,157957,02/15/2020,02/29/2020
2015BLZ8230,307532,02/15/2020,02/29/2020
2015BLZ8233,130042,02/26/2020,03/11/2020
2015BLZ8233,718611,02/24/2020,03/09/2020
2015CEZ8010,30274,02/19/2020,03/04/2020
2015CEZ8010,59445,02/17/2020,03/02/2020
2015CEZ8010,580797,02/22/2020,03/07/2020
2015CEZ8018,238639,02/26/2020,03/11/2020
2015CEZ8018,643213,02/21/2020,03/06/2020
2015CEZ8029,767273,02/18/2020,03/03/2020
2015CEZ8359,176269,02/23/2020,03/08/2020
2015CEZ8359,397902,02/23/2020,03/08/2020
2015CEZ8362,112009,02/23/2020,03/08/2020
2015CH70171,335331,02/17/2020,03/02/2020
2015CH70171,672938,02/17/2020,03/02/2020
2015CH70171,173295,02/26/2020,03/11/2020
2015CH70189,480566,02/18/2020,03/03/2020
2015CH70189,353149,02/26/2020,03/11/2020
2015CH70189,215199,02/16/2020,03/01/2020
2015CSZ8373,598981,02/17/2020,03/02/2020
2015CSZ8373,551367,02/17/2020,03/02/2020
2015CSZ8373,811798,02/22/2020,03/07/2020
2015CYZ8053,666738,02/18/2020,03/03/2020
2015CYZ8053,93017,02/21/2020,03/06/2020
2015CYZ8062,874405,02/24/2020,03/09/2020
2015CYZ8065,300968,02/16/2020,03/01/2020
2015CYZ8065,702543,02/26/2020,03/11/2020
2015CYZ8065,791137,02/21/2020,03/06/2020
2015EEZ8071,803847,02/19/2020,03/04/2020
2015EEZ8071,842621,02/19/2020,03/04/2020
2015EEZ8071,177190,02/22/2020,03/07/2020
2015EEZ8073,611910,02/19/2020,03/04/2020
2015EEZ8085,581334,02/25/2020,03/10/2020
2015EEZ8085,873539,02/21/2020,03/06/2020
2015EEZ8098,592192,02/23/2020,03/08/2020
2015EEZ8098,272730,02/15/2020,02/29/2020
2015EEZ8099,527034,02/17/2020,03/02/2020
2015EEZ8099,154299,02/20/2020,03/05/2020
2015EEZ8099,508097,02/20/2020,03/05/2020
2015EEZ8105,642225,02/26/2020,03/11/2020
2015EEZ8105,389619,02/24/2020,03/09/2020
2015HUZ8124,367262,02/22/2020,03/07/2020
2015HUZ8132,30446,02/25/2020,03/10/2020
2015HUZ8283,824501,02/25/2020,03/10/2020
2015HUZ8283,856301,02/23/2020,03/08/2020
2015HUZ8283,39133,02/21/2020,03/06/2020
2015HUZ8460,612180,02/23/2020,03/08/2020
2015HUZ8461,455676,02/17/2020,03/02/2020
2015HUZ8461,305216,02/20/2020,03/05/2020
2015HUZ8461,836566,02/23/2020,03/08/2020
2015PTZ8200,811094,02/20/2020,03/05/2020
2015PTZ8200,254360,02/21/2020,03/06/2020
2015PTZ8203,302507,02/25/2020,03/10/2020
2015PTZ8203,403020,02/20/2020,03/05/2020
2015PTZ8203,139825,02/16/2020,03/01/2020
2015PTZ8205,136426,02/20/2020,03/05/2020
2015RDZ8261,718639,02/26/2020,03/11/2020
2015RDZ8261,64590,02/21/2020,03/06/2020
2015TRZ8263,522945,02/15/2020,02/29/2020
2015TRZ8263,551685,02/20/2020,03/05/2020
2016BB10027,843413,02/16/2020,03/01/2020
2016BB10032,353114,02/15/2020,02/29/2020
2016BB10032,912722,02/15/2020,02/29/2020
2016BB10035,451877,02/26/2020,03/11/2020
2016BB10035,671585,02/19/2020,03/04/2020
2016BB10039,631578,02/18/2020,03/03/2020
2016BB10039,911992,02/26/2020,03/11/2020
2016BB10039,357790,02/22/2020,03/07/2020
2016BB10041,492434,02/16/2020,03/01/2020
2016BB10041,44862,02/22/2020,03/07/2020
2016BB10041,540528,02/15/2020,02/29/2020
2016BB10044,126889,02/23/2020,03/08/2020
2016BB10054,326738,02/25/2020,03/10/2020
2016BB10056,915782,02/22/2020,03/07/2020
2016BB10056,23212,02/18/2020,03/03/2020
2016BB10056,941189,02/20/2020,03/05/2020
2016BB10064,899135,02/19/2020,03/04/2020
2016BB50003,923694,02/21/2020,03/06/2020
2016BB50006,66876,02/17/2020,03/02/2020
2016BB50006,832558,02/21/2020,03/06/2020
2016BEZ8007,40595,02/16/2020,03/01/2020
2016BEZ8007,260159,02/18/2020,03/03/2020
2016BEZ8007,699052,02/26/2020,03/11/2020
2016BEZ8558,346690,02/25/2020,03/10/2020
2016BEZ8558,35336,02/19/2020,03/04/2020
2016BEZ8558,435980,02/17/2020,03/02/2020
2016BLZ8126,801322,02/20/2020,03/05/2020
2016BLZ8126,474480,02/22/2020,03/07/2020
2016BLZ8374,535639,02/20/2020,03/05/2020
2016BLZ8374,838537,02/26/2020,03/11/2020
2016BSZ8346,244273,02/22/2020,03/07/2020
2016BSZ8346,248187,02/26/2020,03/11/2020
2016CE10243,194944,02/26/2020,03/11/2020
2016CE10247,229296,02/22/2020,03/07/2020
2016CE10247,619058,02/21/2020,03/06/2020
2016CE10247,961889,02/23/2020,03/08/2020
2016CE10254,327010,02/24/2020,03/09/2020
2016CE10254,410092,02/17/2020,03/02/2020
2016CE10254,877124,02/23/2020,03/08/2020
2016CE10270,956403,02/16/2020,03/01/2020
2016CE10274,434224,02/21/2020,03/06/2020
2016CE10274,564102,02/26/2020,03/11/2020
2016CE10274,584255,02/25/2020,03/10/2020
2016CE10296,19598,02/20/2020,03/05/2020
2016CE10296,248985,02/26/2020,03/11/2020
2016CE10296,625562,02/22/2020,03/07/2020
2016CEZ8135,265075,02/16/2020,03/01/2020
2016CEZ8135,461272,02/18/2020,03/03/2020
2016CEZ8135,31704,02/17/2020,03/02/2020
2016CEZ8139,905668,02/19/2020,03/04/2020
2016CEZ8139,818719,02/23/2020,03/08/2020
2016CEZ8150,510061,02/22/2020,03/07/2020
2016CH10088,251557,02/26/2020,03/11/2020
2016CH10092,328965,02/16/2020,03/01/2020
2016CH10092,215698,02/15/2020,02/29/2020
2016CH10092,167124,02/15/2020,02/29/2020
2016CH10102,186315,02/21/2020,03/06/2020
2016CH10102,295523,02/23/2020,03/08/2020
2016CH10102,276315,02/17/2020,03/02/2020
2016CH10112,534969,02/16/2020,03/01/2020
2016CH10130,630789,02/25/2020,03/10/2020
2016CH10130,804675,02/19/2020,03/04/2020
2016CH10143,621799,02/17/2020,03/02/2020
2016CH70152,782127,02/19/2020,03/04/2020
2016CH70158,740310,02/20/2020,03/05/2020
2016CH70158,367262,02/16/2020,03/01/2020
2016CH70167,195834,02/24/2020,03/09/2020
2016CH70167,26957,02/19/2020,03/04/2020
2016CH70172,664959,02/17/2020,03/02/2020
2016CH70175,152287,02/19/2020,03/04/2020
2016CH70183,390414,02/23/2020,03/08/2020
2016CH70183,337477,02/26/2020,03/11/2020
2016CH70188,717009,02/15/2020,02/29/2020
2016CH70188,874421,02/17/2020,03/02/2020
2016CH70193,647090,02/22/2020,03/07/2020
2016CH70193,451207,02/22/2020,03/07/2020
2016CH70193,720418,02/25/2020,03/10/2020
2016CHZ8283,288101,02/22/2020,03/07/2020
2016CHZ8283,210882,02/20/2020,03/05/2020
2016CHZ8283,39461,02/19/2020,03/04/2020
2016CHZ8285,495700,02/21/2020,03/06/2020
2016CHZ8285,303580,02/20/2020,03/05/2020
2016CHZ8285,92307,02/16/2020,03/01/2020
2016CRZ8563,883058,02/18/2020,03/03/2020
2016CRZ8565,175683,02/21/2020,03/06/2020
2016CRZ8565,28723,02/25/2020,03/10/2020
2016CRZ8565,626897,02/26/2020,03/11/2020
2016CS50084,934043,02/17/2020,03/02/2020
2016CYZ8248,620213,02/16/2020,03/01/2020
2016CYZ8248,772636,02/19/2020,03/04/2020
2016CYZ8404,338258,02/19/2020,03/04/2020
2016CYZ8404,432217,02/15/2020,02/29/2020
2016CYZ8408,823868,02/18/2020,03/03/2020
2016CYZ8408,132910,02/19/2020,03/04/2020
2016CYZ8409,610974,02/26/2020,03/11/2020
2016CYZ8409,432474,02/26/2020,03/11/2020
2016EE30161,650247,02/17/2020,03/02/2020
2016EEZ8057,816329,02/18/2020,03/03/2020
2016EEZ8057,810209,02/21/2020,03/06/2020
2016EEZ8057,647180,02/19/2020,03/04/2020
2016EEZ8058,489784,02/22/2020,03/07/2020
2016EEZ8059,121869,02/21/2020,03/06/2020
2016EEZ8059,906734,02/24/2020,03/09/2020
2016EEZ8060,523342,02/18/2020,03/03/2020
2016EEZ8060,528976,02/24/2020,03/09/2020
2016EEZ8060,322650,02/24/2020,03/09/2020
2016EEZ8066,325065,02/24/2020,03/09/2020
2016EEZ8337,847717,02/25/2020,03/10/2020
2016EEZ8337,931566,02/23/2020,03/08/2020
2016EEZ8340,270307,02/15/2020,02/29/2020
2016EEZ8485,529400,02/20/2020,03/05/2020
2016EEZ8485,689673,02/23/2020,03/08/2020
2016EEZ8496,35336,02/23/2020,03/08/2020
2016EEZ8496,181592,02/16/2020,03/01/2020
2016EEZ8503,225911,02/15/2020,02/29/2020
2016ESZ8098,241791,02/25/2020,03/10/2020
2016ESZ8098,196164,02/25/2020,03/10/2020
2016ESZ8098,617710,02/25/2020,03/10/2020
2016HUZ8177,505225,02/15/2020,02/29/2020
2016HUZ8177,869064,02/22/2020,03/07/2020
2016HUZ8532,628624,02/22/2020,03/07/2020
2016HUZ8532,553737,02/20/2020,03/05/2020
2016HUZ8532,398354,02/24/2020,03/09/2020
2016ITZ8560,820989,02/24/2020,03/09/2020
2016ITZ8560,124510,02/19/2020,03/04/2020
2016ITZ8560,276427,02/20/2020,03/05/2020
2016MAZ8187,284899,02/22/2020,03/07/2020
2016MAZ8187,259771,02/21/2020,03/06/2020
2016MAZ8187,187668,02/20/2020,03/05/2020
2016MEZ8538,553527,02/22/2020,03/07/2020
2016PTZ8105,398636,02/26/2020,03/11/2020
2016PTZ8105,390201,02/19/2020,03/04/2020
2016PTZ8108,204559,02/26/2020,03/11/2020
2016PTZ8108,544235,02/17/2020,03/02/2020
2016TTZ8468,192326,02/21/2020,03/06/2020
2016TTZ8468,186276,02/19/2020,03/04/2020
2017BB10026,437605,02/23/2020,03/08/2020
2017BB10026,215114,02/21/2020,03/06/2020
2017BB10026,131067,02/25/2020,03/10/2020
2017BB10031,819166,02/18/2020,03/03/2020
2017BB10031,575997,02/25/2020,03/10/2020
2017BB10037,419058,02/17/2020,03/02/2020
2017BB10037,347172,02/20/2020,03/05/2020
2017BB10040,559956,02/18/2020,03/03/2020
2017BB10040,799556,02/17/2020,03/02/2020
2017BSZ8498,477655,02/20/2020,03/05/2020
2017BSZ8498,564489,02/26/2020,03/11/2020
2017BSZ8498,216545,02/21/2020,03/06/2020
2017CE10075,238968,02/22/2020,03/07/2020
2017CE10075,263720,02/16/2020,03/01/2020
2017CE10075,605399,02/16/2020,03/01/2020
2017CE10113,508292,02/20/2020,03/05/2020
2017CE10118,314408,02/15/2020,02/29/2020
2017CE10124,952846,02/23/2020,03/08/2020
2017CE10124,95105,02/21/2020,03/06/2020
2017CE10124,723915,02/25/2020,03/10/2020
2017CE10146,730476,02/20/2020,03/05/2020
2017CE10146,769945,02/22/2020,03/07/2020
2017CE10146,206441,02/16/2020,03/01/2020
2017CE10156,6973,02/15/2020,02/29/2020
2017CE10165,224664,02/26/2020,03/11/2020
2017CE10165,727313,02/25/2020,03/10/2020
2017CE10165,606466,02/21/2020,03/06/2020
2017CH10114,518098,02/22/2020,03/07/2020
2017CH10114,693428,02/21/2020,03/06/2020
2017CH10120,185289,02/25/2020,03/10/2020
2017CH10188,268040,02/17/2020,03/02/2020
2017CH10206,446546,02/22/2020,03/07/2020
2017CH10206,676464,02/19/2020,03/04/2020
2017CH10206,327544,02/20/2020,03/05/2020
2017CH10212,604875,02/15/2020,02/29/2020
2017CH10229,435022,02/15/2020,02/29/2020
2017CH10229,686528,02/25/2020,03/10/2020
2017CH10238,463866,02/23/2020,03/08/2020
2017CH10257,69891,02/15/2020,02/29/2020
2017CH10257,213054,02/15/2020,02/29/2020
2017CH10259,321580,02/26/2020,03/11/2020
2017CH10259,87642,02/25/2020,03/10/2020
2017CH10259,449662,02/16/2020,03/01/2020
2017CHZ8248,906410,02/22/2020,03/07/2020
2017CHZ8248,488073,02/15/2020,02/29/2020
2017CHZ8248,477044,02/20/2020,03/05/2020
2017CHZ8255,262939,02/16/2020,03/01/2020
2017CHZ8255,617472,02/19/2020,03/04/2020
2017CHZ8258,117835,02/21/2020,03/06/2020
2017CHZ8258,80645,02/19/2020,03/04/2020
2017CHZ8258,931227,02/22/2020,03/07/2020
2017CHZ8268,659368,02/26/2020,03/11/2020
2017CHZ8268,84880,02/22/2020,03/07/2020
2017CHZ8277,256610,02/15/2020,02/29/2020
2017CHZ8277,934188,02/21/2020,03/06/2020
2017CHZ8503,270285,02/21/2020,03/06/2020
2017CHZ8503,636976,02/24/2020,03/09/2020
2017CHZ8503,674525,02/19/2020,03/04/2020
2017CS10219,804377,02/17/2020,03/02/2020
2017CS10219,500373,02/16/2020,03/01/2020
2017CS10219,817513,02/21/2020,03/06/2020
2017CS10337,259410,02/16/2020,03/01/2020
2017CS10337,890444,02/15/2020,02/29/2020
2017CS10337,909190,02/20/2020,03/05/2020
2017CS10353,94604,02/22/2020,03/07/2020
2017CS10353,208694,02/22/2020,03/07/2020
2017CS10353,788163,02/26/2020,03/11/2020
2017CS10363,864956,02/21/2020,03/06/2020
2017CS10363,303362,02/22/2020,03/07/2020
2017CS10390,855213,02/15/2020,02/29/2020
2017CS10390,340692,02/21/2020,03/06/2020
2017CS50493,270867,02/20/2020,03/05/2020
2017CYZ8486,807825,02/26/2020,03/11/2020
2017CYZ8486,237741,02/20/2020,03/05/2020
2017CYZ8486,902269,02/17/2020,03/02/2020
2017CYZ8488,251240,02/21/2020,03/06/2020
2017ME10158,520667,02/16/2020,03/01/2020
2017ME10158,821585,02/20/2020,03/05/2020
2017ME10158,269828,02/16/2020,03/01/2020
2017MEZ8323,744174,02/19/2020,03/04/2020
2017MEZ8323,912899,02/24/2020,03/09/2020
2017MEZ8323,594445,02/22/2020,03/07/2020
2017MT10742,329657,02/24/2020,03/09/2020
2017MT60207,277352,02/15/2020,02/29/2020
2017MT60207,213738,02/25/2020,03/10/2020
2017MT60207,508514,02/20/2020,03/05/2020
2017SMZ8008,553046,02/22/2020,03/07/2020
2017SMZ8011,478040,02/19/2020,03/04/2020
2017SMZ8015,675118,02/25/2020,03/10/2020
2017SMZ8015,926638,02/26/2020,03/11/2020
2017SMZ8016,943360,02/15/2020,02/29/2020
2017SMZ8016,386044,02/17/2020,03/02/2020
2017SRZ8644,946491,02/16/2020,03/01/2020
2017SRZ8644,751617,02/15/2020,02/29/2020
2018BB10003,268162,02/21/2020,03/06/2020
2018BB10003,172324,02/22/2020,03/07/2020
2018BB10003,25818,02/21/2020,03/06/2020